id,value
flare,
flare.analytics,
flare.analytics.cluster,
flare.analytics.cluster.AgglomerativeCluster,3938
flare.analytics.cluster.CommunityStructure,3812
flare.analytics.graph,
flare.analytics.graph.BetweennessCentrality,3534
flare.analytics.graph.LinkDistance,5731
flare.animate,
flare.animate.Easing,17010
flare.animate.FunctionSequence,5842
flare.animate.interpolate,
flare.animate.interpolate.DateInterpolator,1375
flare.data,
flare.data.converters,
flare.data.converters.Converters,721
flare.data.converters.DelimitedTextConverter,4294
flare.data.converters.GraphMLConverter,9800
flare.display,
flare.display.DirtySprite,8833
flare.display.LineSprite,1732
flare.flex,
flare.flex.FlareVis,4116
flare.physics,
flare.physics.DragForce,1082
flare.physics.GravityForce,1336
flare.query,
flare.query.AggregateExpression,1616
flare.query.And,1027
flare.query.Arithmetic,3891
flare.query.Average,891
flare.scale,
flare.scale.IScaleMap,2105
flare.scale.LinearScale,1316
flare.scale.LogScale,3151
flare.util,
flare.util.Arrays,8258
flare.util.Colors,10001
flare.util.Dates,8217
flare.vis,
flare.vis.axis,
flare.vis.axis.Axes,1302
